{"lr": 0.009998886215193948, "data_time": 0.0031533638636271157, "loss": 0.14853741973638535, "decode.loss_ce": 0.105399535348018, "decode.acc_seg": 29.931640625, "aux.loss_ce": 0.04313788252572218, "aux.acc_seg": 24.609375, "time": 0.4802003701527913, "memory": 5948, "step": 6}
{"lr": 0.00997794446709763, "data_time": 0.0026253461837768555, "loss": 0.07210920825600624, "decode.loss_ce": 0.05027096327394247, "decode.acc_seg": 79.925537109375, "aux.loss_ce": 0.021838245261460543, "aux.acc_seg": 78.2684326171875, "time": 0.22749905586242675, "memory": 3774, "step": 100}
{"lr": 0.009955660594668054, "data_time": 0.0026634931564331055, "loss": 0.06922313235700131, "decode.loss_ce": 0.0476013146340847, "decode.acc_seg": 78.7567138671875, "aux.loss_ce": 0.021621817816048862, "aux.acc_seg": 65.869140625, "time": 0.22923672199249268, "memory": 3774, "step": 200}
{"lr": 0.009933371122565919, "data_time": 0.0025842666625976564, "loss": 0.053607942536473274, "decode.loss_ce": 0.03685542065650225, "decode.acc_seg": 82.8125, "aux.loss_ce": 0.016752521600574256, "aux.acc_seg": 85.9619140625, "time": 0.23010685443878173, "memory": 3774, "step": 300}
{"lr": 0.009911076035273796, "data_time": 0.002588343620300293, "loss": 0.06807189621031284, "decode.loss_ce": 0.047912364825606346, "decode.acc_seg": 77.6611328125, "aux.loss_ce": 0.02015953166410327, "aux.acc_seg": 73.9898681640625, "time": 0.23051412105560304, "memory": 3774, "step": 400}
{"aAcc": 76.46, "mIoU": 37.79, "mAcc": 46.67, "data_time": 0.015173716978593306, "time": 0.6401697939092462, "step": 400}
{"lr": 0.0098887753171919, "data_time": 0.002579617500305176, "loss": 0.05236211866140365, "decode.loss_ce": 0.03736728671938181, "decode.acc_seg": 73.663330078125, "aux.loss_ce": 0.014994831290096045, "aux.acc_seg": 79.6295166015625, "time": 0.23038220405578613, "memory": 4432, "step": 500}
{"lr": 0.009866468952637547, "data_time": 0.002607274055480957, "loss": 0.05118831470608711, "decode.loss_ce": 0.03564181961119175, "decode.acc_seg": 84.3841552734375, "aux.loss_ce": 0.01554649556055665, "aux.acc_seg": 83.3953857421875, "time": 0.23065004348754883, "memory": 3774, "step": 600}
{"lr": 0.009844156925844432, "data_time": 0.0026771068572998048, "loss": 0.04299594797194004, "decode.loss_ce": 0.030478313751518726, "decode.acc_seg": 89.422607421875, "aux.loss_ce": 0.012517633847892284, "aux.acc_seg": 89.5965576171875, "time": 0.23064262866973878, "memory": 3774, "step": 700}
{"lr": 0.009821839220962003, "data_time": 0.002510690689086914, "loss": 0.04124432560056448, "decode.loss_ce": 0.028749632090330123, "decode.acc_seg": 81.7962646484375, "aux.loss_ce": 0.012494693975895643, "aux.acc_seg": 80.938720703125, "time": 0.23030486106872558, "memory": 3774, "step": 800}
{"aAcc": 85.94, "mIoU": 49.66, "mAcc": 55.95, "data_time": 0.00433202584584554, "time": 0.1713640292485555, "step": 800}
{"lr": 0.009799515822054777, "data_time": 0.0026143789291381836, "loss": 0.04137981254607439, "decode.loss_ce": 0.028628603741526603, "decode.acc_seg": 88.6016845703125, "aux.loss_ce": 0.012751208059489727, "aux.acc_seg": 84.686279296875, "time": 0.23069429397583008, "memory": 3774, "step": 900}
{"lr": 0.00977718671310168, "data_time": 0.0026152372360229493, "loss": 0.04566961601376533, "decode.loss_ce": 0.031794646941125396, "decode.acc_seg": 74.3560791015625, "aux.loss_ce": 0.013874969165772199, "aux.acc_seg": 72.760009765625, "time": 0.23071017265319824, "memory": 3774, "step": 1000}
{"lr": 0.009754851877995354, "data_time": 0.0026187658309936523, "loss": 0.03706407118588686, "decode.loss_ce": 0.025463022850453855, "decode.acc_seg": 91.3909912109375, "aux.loss_ce": 0.011601048754528165, "aux.acc_seg": 91.375732421875, "time": 0.2309868335723877, "memory": 3774, "step": 1100}
{"lr": 0.009732511300541468, "data_time": 0.0026293039321899415, "loss": 0.04655754081904888, "decode.loss_ce": 0.03198085352778435, "decode.acc_seg": 79.01611328125, "aux.loss_ce": 0.014576687384396792, "aux.acc_seg": 76.934814453125, "time": 0.2310086965560913, "memory": 3774, "step": 1200}
{"aAcc": 89.09, "mIoU": 51.54, "mAcc": 56.73, "data_time": 0.003377556800842285, "time": 0.17032418648401895, "step": 1200}
{"lr": 0.009710164964458045, "data_time": 0.002548837661743164, "loss": 0.039354559406638144, "decode.loss_ce": 0.027771520614624023, "decode.acc_seg": 75.0030517578125, "aux.loss_ce": 0.011583038326352834, "aux.acc_seg": 77.44140625, "time": 0.23086113929748536, "memory": 3774, "step": 1300}
{"lr": 0.009687812853374727, "data_time": 0.0024831295013427734, "loss": 0.04419296402484178, "decode.loss_ce": 0.03125632498413324, "decode.acc_seg": 74.1180419921875, "aux.loss_ce": 0.012936639226973056, "aux.acc_seg": 69.9188232421875, "time": 0.22861287593841553, "memory": 3774, "step": 1400}
{"lr": 0.009665454950832103, "data_time": 0.0026926755905151366, "loss": 0.05103013850748539, "decode.loss_ce": 0.035787520185112956, "decode.acc_seg": 73.86474609375, "aux.loss_ce": 0.015242618229240178, "aux.acc_seg": 73.4710693359375, "time": 0.22870583534240724, "memory": 3774, "step": 1500}
{"lr": 0.009643091240280942, "data_time": 0.002539372444152832, "loss": 0.0426814503967762, "decode.loss_ce": 0.029646163061261176, "decode.acc_seg": 86.8011474609375, "aux.loss_ce": 0.013035287149250507, "aux.acc_seg": 87.1795654296875, "time": 0.22816917896270753, "memory": 3774, "step": 1600}
{"aAcc": 88.6, "mIoU": 51.6, "mAcc": 61.6, "data_time": 0.003239015738169352, "time": 0.16878865162531534, "step": 1600}
{"lr": 0.009620721705081534, "data_time": 0.002526068687438965, "loss": 0.0443555461242795, "decode.loss_ce": 0.03174308259040117, "decode.acc_seg": 75.42724609375, "aux.loss_ce": 0.012612463207915425, "aux.acc_seg": 75.4669189453125, "time": 0.22823073863983154, "memory": 3774, "step": 1700}
{"lr": 0.009598346328502901, "data_time": 0.002643990516662598, "loss": 0.04006234500557184, "decode.loss_ce": 0.027928144857287406, "decode.acc_seg": 81.45751953125, "aux.loss_ce": 0.012134200194850564, "aux.acc_seg": 81.1065673828125, "time": 0.22885844707489014, "memory": 3774, "step": 1800}
{"lr": 0.009575965093722064, "data_time": 0.002654623985290527, "loss": 0.03533590454608202, "decode.loss_ce": 0.02516411039978266, "decode.acc_seg": 86.77978515625, "aux.loss_ce": 0.01017179391346872, "aux.acc_seg": 85.986328125, "time": 0.22914061546325684, "memory": 3774, "step": 1900}
{"lr": 0.009553577983823325, "data_time": 0.002616143226623535, "loss": 0.035048347897827625, "decode.loss_ce": 0.02449081288650632, "decode.acc_seg": 89.9505615234375, "aux.loss_ce": 0.010557534778490663, "aux.acc_seg": 84.6527099609375, "time": 0.2287527084350586, "memory": 3774, "step": 2000}
{"aAcc": 83.26, "mIoU": 47.82, "mAcc": 53.3, "data_time": 0.003369708855946859, "time": 0.1694000562032064, "step": 2000}
{"lr": 0.0095311849817975, "data_time": 0.002586627006530762, "loss": 0.036304954811930655, "decode.loss_ce": 0.02520537655800581, "decode.acc_seg": 81.0577392578125, "aux.loss_ce": 0.011099577974528074, "aux.acc_seg": 81.5765380859375, "time": 0.2288372039794922, "memory": 3774, "step": 2100}
{"lr": 0.009508786070541123, "data_time": 0.0025939226150512697, "loss": 0.03943041916936636, "decode.loss_ce": 0.027429818641394377, "decode.acc_seg": 94.5037841796875, "aux.loss_ce": 0.012000600248575211, "aux.acc_seg": 93.280029296875, "time": 0.2287222385406494, "memory": 3774, "step": 2200}
{"lr": 0.009486381232855704, "data_time": 0.002642917633056641, "loss": 0.04299624990671873, "decode.loss_ce": 0.030186778120696544, "decode.acc_seg": 83.6456298828125, "aux.loss_ce": 0.01280947234481573, "aux.acc_seg": 83.526611328125, "time": 0.22890815734863282, "memory": 3774, "step": 2300}
{"lr": 0.009463970451446941, "data_time": 0.002660536766052246, "loss": 0.031937889754772186, "decode.loss_ce": 0.02263579498976469, "decode.acc_seg": 90.4815673828125, "aux.loss_ce": 0.009302094765007495, "aux.acc_seg": 90.7257080078125, "time": 0.2289515733718872, "memory": 3774, "step": 2400}
{"aAcc": 88.91, "mIoU": 51.75,