{"lr": 0.01, "data_time": 0.00022516250610351562, "loss": 1.6419047236442565, "time": 0.13749208450317382, "epoch": 1, "memory": 2961, "step": 100}
{"accuracy/top1": 53.469852447509766, "accuracy/top5": 88.39590454101562, "data_time": 0.005970912320273263, "time": 0.04995347772325788, "step": 1}
{"lr": 0.01, "data_time": 0.000238800048828125, "loss": 1.1492797017097474, "time": 0.13829267024993896, "epoch": 2, "memory": 2961, "step": 210}
{"accuracy/top1": 68.4869155883789, "accuracy/top5": 94.08418273925781, "data_time": 0.0042895366405618605, "time": 0.04758896498844541, "step": 2}
{"lr": 0.01, "data_time": 0.00024733543395996096, "loss": 0.8520586848258972, "time": 0.1380239963531494, "epoch": 3, "memory": 2961, "step": 320}
{"accuracy/top1": 74.63026428222656, "accuracy/top5": 96.24573516845703, "data_time": 0.0019418206708184604, "time": 0.04528275851545663, "step": 3}
{"lr": 0.01, "data_time": 0.00024318695068359375, "loss": 0.6944938451051712, "time": 0.1380452871322632, "epoch": 4, "memory": 2961, "step": 430}
{"accuracy/top1": 75.6541519165039, "accuracy/top5": 95.33560943603516, "data_time": 0.0027238171676109576, "time": 0.04614133670412261, "step": 4}
{"lr": 0.01, "data_time": 0.00023834705352783204, "loss": 0.7594174712896347, "time": 0.13882510662078856, "epoch": 5, "memory": 2961, "step": 540}
{"accuracy/top1": 75.6541519165039, "accuracy/top5": 96.81455993652344, "data_time": 0.003003358840942383, "time": 0.04642625512747929, "step": 5}
{"lr": 0.01, "data_time": 0.00025289058685302735, "loss": 0.784539595246315, "time": 0.13826134204864501, "epoch": 6, "memory": 2961, "step": 650}
{"accuracy/top1": 81.11490631103516, "accuracy/top5": 97.38339233398438, "data_time": 0.001920297228056809, "time": 0.04545279206900761, "step": 6}
{"lr": 0.01, "data_time": 0.00024435520172119143, "loss": 0.6583651334047318, "time": 0.1389307737350464, "epoch": 7, "memory": 2961, "step": 760}
{"accuracy/top1": 83.04891967773438, "accuracy/top5": 97.0420913696289, "data_time": 0.001967619205343312, "time": 0.045419676550503434, "step": 7}
{"lr": 0.01, "data_time": 0.00024111270904541015, "loss": 0.4804576337337494, "time": 0.13859498500823975, "epoch": 8, "memory": 2961, "step": 870}
{"accuracy/top1": 84.07280731201172, "accuracy/top5": 98.86234283447266, "data_time": 0.0019614285436169855, "time": 0.04569183546921302, "step": 8}
{"lr": 0.01, "data_time": 0.0002574443817138672, "loss": 0.5862102210521698, "time": 0.13846397399902344, "epoch": 9, "memory": 2961, "step": 980}
{"accuracy/top1": 82.7076187133789, "accuracy/top5": 97.1558609008789, "data_time": 0.0019632783429376012, "time": 0.045760902865179656, "step": 9}
{"lr": 0.01, "data_time": 0.00025773048400878906, "loss": 0.4726703748106956, "time": 0.13943336009979249, "epoch": 10, "memory": 2961, "step": 1090}
{"accuracy/top1": 85.779296875, "accuracy/top5": 97.72468566894531, "data_time": 0.0029545159175478177, "time": 0.04652031536760001, "step": 10}
{"lr": 0.01, "data_time": 0.0002526521682739258, "loss": 0.40799095034599303, "time": 0.1389446258544922, "epoch": 11, "memory": 2961, "step": 1200}
{"accuracy/top1": 86.91695404052734, "accuracy/top5": 98.06598663330078, "data_time": 0.002604895624621161, "time": 0.04624096278486581, "step": 11}
{"lr": 0.01, "data_time": 0.00024805068969726565, "loss": 0.4736151218414307, "time": 0.1387930393218994, "epoch": 12, "memory": 2961, "step": 1310}
{"accuracy/top1": 85.89305877685547, "accuracy/top5": 97.49715423583984, "data_time": 0.0019434896008721713, "time": 0.045537479992570545, "step": 12}
{"lr": 0.01, "data_time": 0.00026490688323974607, "loss": 0.2857020109891891, "time": 0.13896324634552001, "epoch": 13, "memory": 2961, "step": 1420}
{"accuracy/top1": 86.00682830810547, "accuracy/top5": 98.17974853515625, "data_time": 0.001957802936948579, "time": 0.04555655347889867, "step": 13}
{"lr": 0.01, "data_time": 0.00026373863220214845, "loss": 0.3574436902999878, "time": 0.13988132476806642, "epoch": 14, "memory": 2961, "step": 1530}
{"accuracy/top1": 85.89305877685547, "accuracy/top5": 98.17974853515625, "data_time": 0.0019570219105687634, "time": 0.04563583998844541, "step": 14}
{"lr": 0.01, "data_time": 0.00024785995483398435, "loss": 0.4081712648272514, "time": 0.13893883228302, "epoch": 15, "memory": 2961, "step": 1640}
{"accuracy/top1": 86.00682830810547, "accuracy/top5": 97.72468566894531, "data_time": 0.0019395762476427801, "time": 0.04560801078533304, "step": 15}
{"lr": 0.01, "data_time": 0.00025010108947753906, "loss": 0.3539904370903969, "time": 0.1390883207321167, "epoch": 16, "memory": 2961, "step": 1750}
{"accuracy/top1": 86.91695404052734, "accuracy/top5": 98.17974853515625, "data_time": 0.0019737358750968144, "time": 0.04567019692782698, "step": 16}
{"lr": 0.01, "data_time": 0.0002576589584350586, "loss": 0.3566349774599075, "time": 0.1390392541885376, "epoch": 17, "memory": 2961, "step": 1860}
{"accuracy/top1": 84.9829330444336, "accuracy/top5": 98.17974853515625, "data_time": 0.0019411054150811557, "time": 0.04507985608331088, "step": 17}
{"lr": 0.01, "data_time": 0.00026667118072509766, "loss": 0.25815214216709137, "time": 0.13759756088256836, "epoch": 18, "memory": 2961, "step": 1970}
{"accuracy/top1": 84.30033874511719, "accuracy/top5": 97.95221710205078, "data_time": 0.0019369618646029767, "time": 0.04502644210026182, "step": 18}
{"lr": 0.01, "data_time": 0.0002630472183227539, "loss": 0.30955211594700816, "time": 0.13721749782562256, "epoch": 19, "memory": 2961, "step": 2080}
{"accuracy/top1": 86.12059020996094, "accuracy/top5": 97.72468566894531, "data_time": 0.0026456487589869007, "time": 0.04571876854732119, "step": 19}
{"lr": 0.01, "data_time": 0.00025069713592529297, "loss": 0.3177291974425316, "time": 0.13722548484802247, "epoch": 20, "memory": 2961, "step": 2190}
{"accuracy/top1": 86.68942260742188, "accuracy/top5": 98.52104949951172, "data_time": 0.0019228951684359845, "time": 0.045009267741236196, "step": 20}
