{"aAcc": 88.12, "mIoU": 53.06, "mAcc": 58.22, "data_time": 0.013506520878184925, "time": 0.6841206333853982}