{"lr": 2.5863685344827587e-05, "data_time": 0.18657407760620118, "loss": 2.684200477600098, "loss_cls": 1.993678092956543, "loss_bbox": 0.6905223488807678, "time": 0.36379151344299315, "epoch": 1, "memory": 1526, "step": 5}
{"lr": 6.465640086206897e-05, "data_time": 0.13381546193903143, "loss": 2.68864859234203, "loss_cls": 2.021240396933122, "loss_bbox": 0.6674081845716997, "time": 0.27924422784285113, "epoch": 2, "memory": 1528, "step": 11}
{"lr": 0.00010344911637931034, "data_time": 0.12466127732220818, "loss": 2.695335528429817, "loss_cls": 2.0307076748679664, "loss_bbox": 0.6646278395372278, "time": 0.25989581556881175, "epoch": 3, "memory": 1526, "step": 17}
{"lr": 0.00014224183189655168, "data_time": 0.12394301787666652, "loss": 2.7005467725836714, "loss_cls": 2.044458321903063, "loss_bbox": 0.6560884429060895, "time": 0.25464312926582666, "epoch": 4, "memory": 1527, "step": 23}
{"lr": 0.000181034547413793, "data_time": 0.12001817801903034, "loss": 2.7035562169962915, "loss_cls": 2.064620416739891, "loss_bbox": 0.638935799228734, "time": 0.2484764312875682, "epoch": 5, "memory": 1527, "step": 29}
{"lr": 0.0001874999999999999, "data_time": 0.12177214622497559, "loss": 2.677114929471697, "loss_cls": 2.0491167545318603, "loss_bbox": 0.627998183454786, "time": 0.24864172254289899, "epoch": 6, "memory": 1530, "step": 35}
{"lr": 0.0001874999999999999, "data_time": 0.11834148662846262, "loss": 2.626204287133566, "loss_cls": 2.01438172270612, "loss_bbox": 0.6118225753307343, "time": 0.24422059989557032, "epoch": 7, "memory": 1538, "step": 41}
{"lr": 0.0001874999999999999, "data_time": 0.11566958528883914, "loss": 2.558274994505213, "loss_cls": 1.9686175483338377, "loss_bbox": 0.5896574499759268, "time": 0.24075749072622746, "epoch": 8, "memory": 1530, "step": 47}
{"lr": 0.0001874999999999999, "data_time": 0.1019595193862915, "loss": 2.4510852313041687, "loss_cls": 1.8900818181037904, "loss_bbox": 0.5610034209489823, "time": 0.2215022325515747, "epoch": 9, "memory": 1535, "step": 53}
{"lr": 0.0001874999999999999, "data_time": 0.10177367687225342, "loss": 2.3166944694519045, "loss_cls": 1.7747395896911622, "loss_bbox": 0.5419548922777175, "time": 0.22187390327453613, "epoch": 10, "memory": 1545, "step": 59}
{"coco/bbox_mAP": 0.492, "coco/bbox_mAP_50": 0.643, "coco/bbox_mAP_75": 0.594, "coco/bbox_mAP_s": 0.0, "coco/bbox_mAP_m": 0.155, "coco/bbox_mAP_l": 0.619, "data_time": 0.030505583836482122, "time": 0.03926326678349422, "step": 10}
{"lr": 0.0001874999999999999, "data_time": 0.10293754100799561, "loss": 2.1659995174407958, "loss_cls": 1.6585717964172364, "loss_bbox": 0.5074277335405349, "time": 0.2233562707901001, "epoch": 11, "memory": 1539, "step": 65}
{"lr": 0.0001874999999999999, "data_time": 0.10017350673675537, "loss": 2.014894440174103, "loss_cls": 1.5349638092517852, "loss_bbox": 0.4799306392669678, "time": 0.2207723093032837, "epoch": 12, "memory": 1531, "step": 71}
{"lr": 0.0001874999999999999, "data_time": 0.09837984085083008, "loss": 1.8465718531608581, "loss_cls": 1.3977477264404297, "loss_bbox": 0.44882413297891616, "time": 0.21890130043029785, "epoch": 13, "memory": 1533, "step": 77}
{"lr": 0.0001874999999999999, "data_time": 0.09365468502044677, "loss": 1.6556124424934386, "loss_cls": 1.233454028069973, "loss_bbox": 0.4221584156155586, "time": 0.2142111349105835, "epoch": 14, "memory": 1529, "step": 83}
{"lr": 0.0001874999999999999, "data_time": 0.09307190418243408, "loss": 1.4783193230628968, "loss_cls": 1.083139764368534, "loss_bbox": 0.39517955869436266, "time": 0.21321127891540528, "epoch": 15, "memory": 1526, "step": 89}
{"lr": 0.0001874999999999999, "data_time": 0.09366582870483399, "loss": 1.3319300985336304, "loss_cls": 0.9515257540345192, "loss_bbox": 0.3804043444991112, "time": 0.21374669551849365, "epoch": 16, "memory": 1541, "step": 95}
{"lr": 0.0001874999999999999, "data_time": 0.09327637195587159, "loss": 1.222394813299179, "loss_cls": 0.8582138839364052, "loss_bbox": 0.36418092787265777, "time": 0.21292383193969727, "epoch": 17, "memory": 1528, "step": 101}
{"lr": 0.0001874999999999999, "data_time": 0.09424251556396485, "loss": 1.139488730430603, "loss_cls": 0.7918874064087867, "loss_bbox": 0.34760132133960725, "time": 0.21392835140228272, "epoch": 18, "memory": 1536, "step": 107}
{"lr": 0.0001874999999999999, "data_time": 0.09225858211517333, "loss": 1.0601051437854767, "loss_cls": 0.7228399339318275, "loss_bbox": 0.3372652059793472, "time": 0.21167179107666015, "epoch": 19, "memory": 1535, "step": 113}
{"lr": 0.0001874999999999999, "data_time": 0.09132405281066895, "loss": 0.9844096648693085, "loss_cls": 0.6642241594195366, "loss_bbox": 0.3201855033636093, "time": 0.21035608291625976, "epoch": 20, "memory": 1530, "step": 119}
{"coco/bbox_mAP": 0.695, "coco/bbox_mAP_50": 0.832, "coco/bbox_mAP_75": 0.792, "coco/bbox_mAP_s": 0.0, "coco/bbox_mAP_m": 0.447, "coco/bbox_mAP_l": 0.807, "data_time": 0.003668069839477539, "time": 0.012160948344639369, "step": 20}
{"lr": 0.0001874999999999999, "data_time": 0.09169704914093017, "loss": 0.9058033621311188, "loss_cls": 0.5963627055287362, "loss_bbox": 0.30944065630435946, "time": 0.21082554817199706, "epoch": 21, "memory": 1535, "step": 125}
{"lr": 0.0001874999999999999, "data_time": 0.09040586948394776, "loss": 0.8789988029003143, "loss_cls": 0.5761583268642425, "loss_bbox": 0.3028404742479324, "time": 0.20933621406555175, "epoch": 22, "memory": 1526, "step": 131}
{"lr": 0.0001874999999999999, "data_time": 0.09086767673492431, "loss": 0.8516206133365631, "loss_cls": 0.5555429619550705, "loss_bbox": 0.2960776507854462, "time": 0.20993757247924805, "epoch": 23, "memory": 1529, "step": 137}
{"lr": 0.0001874999999999999, "data_time": 0.0911133861541748, "loss": 0.8352642798423767, "loss_cls": 0.5449951219558716, "loss_bbox": 0.29026915699243544, "time": 0.21025136470794678, "epoch": 24, "memory": 1528, "step": 143}
{"lr": 0.0001874999999999999, "data_time": 0.09172613620758056, "loss": 0.8227834880352021, "loss_cls": 0.5372170561552048, "loss_bbox": 0.2855664303898811, "time": 0.21100893020629882, "epoch": 25, "memory": 1526, "step": 149}
{"lr": 0.00018718764527690887, "data_time": 0.09296990394592285, "loss": 0.8050886642932892, "loss_cls": 0.5271629393100739, "loss_bbox": 0.2779257240891457, "time": 0.21260733604431153, "epoch": 26, "memory": 1531, "step": 155}
{"lr": 0.00018555377069035445, "data_time": 0.09234204769134521, "loss": 0.7810098934173584, "loss_cls": 0.5107089930772781, "loss_bbox": 0.2703008997440338, "time": 0.21140892028808594, "epoch": 27, "memory": 1534, "step": 161}
{"lr": 0.00018254602047427555, "data_time": 0.09431962966918946, "loss": 0.7772335958480835, "loss_cls": 0.5097831732034683, "loss_bbox": 0.2674504238367081, "time": 0.21327295780181885, "epoch": 28, "memory": 1527, "step": 167}
{"lr": 0.0001782118286463226, "data_time": 0.0953075933456421, "loss": 0.774192818403244, "loss_cls": 0.5120287013053894, "loss_bbox": 0.2621641179919243, "time": 0.21414358139038087, "epoch": 29, "memory": 1527, "step": 173}
{"lr": 0.00017261954800074309, "data_time": 0.09766100406646729, "loss": 0.7661347329616547, "loss_cls": 0.5058950531482697, "loss_bbox": 0.2602396830916405, "time": 0.21662033557891847, "epoch": 30, "memory": 1537, "step": 179}
{"coco/bbox_mAP": 0.718, "coco/bbox_mAP_50": 0.845, "coco/bbox_mAP_75": 0.797, "coco/bbox_mAP_s": 0.0, "coco/bbox_mAP_m": 0.437, "coco/bbox_mAP_l": 0.841, "data_time": 0.0036423376628330778, "time": 0.012512343270438058, "step": 30}
{"lr": 0.0001658573721439844, "data_time": 0.09653672218322754, "loss": 0.7330305373668671, "loss_cls": 0.4805997347831726, "loss_bbox": 0.2524308055639267, "time": 0.21567888259887696, "epoch": 31, "memory": 1533, "step": 185}
{"lr": 0.0001580319446288357, "data_time": 0.09729935646057129, "loss": 0.7134625333547592, "loss_cls": 0.46248146176338195, "loss_bbox": 0.2509810739755631, "time": 0.21654290676116944, "epoch": 32, "memory": 1548, "step": 191}
{"lr": 0.00014926667712189464,