{"accuracy/top1": 86.68942260742188, "accuracy/top5": 98.52104949951172, "data_time": 0.007721577371869769, "time": 0.05739349978310721}