{"coco/bbox_mAP": 0.744, "coco/bbox_mAP_50": 0.854, "coco/bbox_mAP_75": 0.839, "coco/bbox_mAP_s": 0.0, "coco/bbox_mAP_m": 0.444, "coco/bbox_mAP_l": 0.873, "data_time": 0.02890616196852464, "time": 0.040271795712984525}