{"accuracy/top1": 86.68942260742188, "accuracy/top5": 98.52104949951172, "data_time": 0.008214354515075684, "time": 0.05632442235946655}